tag,year,count
aframe,2016,1
aframe,2017,5
aframe,2018,7
aframe,2019,11
aframe,2020,5
agora,2019,2
agora,2020,3
ai,2016,2
ai,2017,6
ai,2018,3
ai,2019,4
ai,2020,3
android,2016,17
android,2017,37
android,2018,39
android,2019,41
android,2020,26
android-studio,2017,2
android-studio,2018,1
android-studio,2019,1
android-studio,2020,4
api,2016,2
api,2017,13
api,2018,14
api,2019,10
api,2020,1
app,2016,17
app,2017,57
app,2018,50
app,2019,34
app,2020,32
apple,2017,11
apple,2018,3
apple,2019,3
apple,2020,2
ar-studio,2018,1
ar-studio,2019,8
ar-studio,2020,5
arcore,2017,11
arcore,2018,30
arcore,2019,26
arcore,2020,16
arduino,2017,2
arduino,2018,2
arjs,2017,5
arjs,2018,6
arjs,2019,9
arjs,2020,4
arkit,2016,2
arkit,2017,70
arkit,2018,54
arkit,2019,26
arkit,2020,18
artoolkit,2017,2
artoolkit,2018,1
artoolkit,2019,3
artoolkit,2020,4
aruco,2016,1
aruco,2017,2
aruco,2018,6
aruco,2019,1
azure,2018,6
azure,2019,2
azure,2020,2
babylonjs,2017,1
babylonjs,2018,3
babylonjs,2019,2
babylonjs,2020,1
banuba-sdk,2020,4
camera,2016,5
camera,2017,17
camera,2018,12
camera,2019,10
camera,2020,10
cannonjs,2019,3
cannonjs,2020,1
cardboard,2016,5
cardboard,2017,6
cardboard,2018,3
cloud,2017,2
cloud,2018,6
cloud,2019,5
cmake,2017,2
cmake,2019,2
cocoapods,2018,4
convolutional-neural-network,2017,1
convolutional-neural-network,2018,1
convolutional-neural-network,2019,1
coreml,2017,7
coreml,2018,1
coreml,2019,2
cross-platform,2017,2
cross-platform,2018,1
cross-platform,2019,1
css,2018,1
css,2019,1
css,2020,1
daydream,2017,4
daydream,2018,1
deep-learning,2016,1
deep-learning,2017,1
deep-learning,2018,5
deep-learning,2019,6
deep-learning,2020,3
deepar,2019,3
deepar,2020,2
django,2018,2
django,2019,2
django,2020,1
dlib,2016,1
dlib,2017,2
dlib,2019,1
express,2016,1
express,2020,2
face-filters,2017,1
face-filters,2018,3
face-filters,2019,5
face-filters,2020,5
facebook,2017,3
facebook,2018,2
facebook,2019,9
facebook,2020,4
firebase,2017,5
firebase,2018,4
firebase,2019,3
firebase,2020,1
flutter,2019,3
flutter,2020,3
framework,2016,7
framework,2017,9
framework,2018,4
framework,2019,10
framework,2020,9
game,2016,13
game,2017,29
game,2018,26
game,2019,15
game,2020,12
game-engine,2016,1
game-engine,2017,2
game-engine,2018,1
game-engine,2019,1
game-engine,2020,1
gear-vr,2016,2
gear-vr,2017,3
gear-vr,2018,1
gltf,2017,1
gltf,2018,4
gltf,2019,3
gltf,2020,1
google,2016,9
google,2017,11
google,2018,14
google,2019,9
google,2020,7
google-glass,2016,2
google-glass,2018,2
google-glass,2020,3
google-poly,2018,3
google-poly,2019,2
graphics,2017,5
graphics,2018,5
graphics,2019,3
graphics,2020,3
hololens,2016,26
hololens,2017,34
hololens,2018,20
hololens,2019,26
hololens,2020,16
holotoolkit,2016,1
holotoolkit,2017,6
holotoolkit,2020,1
html,2016,1
html,2017,2
html,2018,3
html,2019,3
html,2020,2
ionic,2016,4
ionic,2017,4
ionic,2018,1
ionic,2019,1
ios,2016,4
ios,2017,68
ios,2018,47
ios,2019,33
ios,2020,16
iot,2016,2
iot,2017,5
iot,2018,3
ipados,2020,1
java,2016,1
java,2017,4
java,2018,5
java,2019,2
java,2020,3
jsartoolkit,2016,2
jsartoolkit,2017,1
jsartoolkit,2019,2
jsartoolkit,2020,2
kotlin,2018,3
kotlin,2019,2
kotlin,2020,4
linux,2017,3
linux,2018,1
macos,2016,1
macos,2017,2
macos,2018,1
macos,2019,1
macos,2020,1
magicleap,2018,3
magicleap,2019,5
markerless,2016,3
markerless,2017,5
markerless,2018,1
markerless,2019,2
markerless,2020,1
markers,2016,2
markers,2017,8
markers,2018,2
markers,2019,4
medical,2016,3
medical,2018,1
medical,2019,2
metalkit,2017,1
metalkit,2019,1
microsoft,2016,18
microsoft,2017,15
microsoft,2018,8
microsoft,2019,10
microsoft,2020,4
mixedrealitytoolkit-unity,2016,1
mixedrealitytoolkit-waveengine,2020,1
ml,2017,2
ml,2018,1
ml,2019,3
mlkit,2019,1
mr,2016,1
mr,2017,6
mr,2018,3
mr,2019,5
mr,2020,3
mrtk,2016,1
mrtk,2017,1
mrtk,2019,3
mrtk,2020,6
nativescript,2017,1
ndk,2016,1
ndk,2017,2
ndk,2018,1
ndk,2019,1
nerf,2020,2
node-js,2020,1
objective-c,2017,5
objective-c,2018,1
objective-c,2020,1
oculus,2016,2
oculus,2017,5
oculus,2018,2
oculus,2019,3
oculus,2020,3
oculus-quest,2019,2
oculus-quest,2020,3
oculus-rift,2016,2
oculus-rift,2017,2
oculus-rift,2018,1
oculus-rift,2019,1
oculus-rift,2020,1
oculus-touch,2017,2
oculus-touch,2020,1
opencv,2016,10
opencv,2017,18
opencv,2018,17
opencv,2019,14
opencv,2020,9
opencv-python,2019,4
opencv-python,2020,1
opengl,2016,1
opengl,2017,7
opengl,2018,9
opengl,2019,3
opengl,2020,2
openvr,2016,1
openvr,2017,2
openvr,2018,1
openvr,2020,1
openxr,2019,6
openxr,2020,2
phone,2016,1
phone,2017,1
phone,2019,4
phone,2020,2
photogrammetry,2017,2
photogrammetry,2020,1
physics,2017,1
physics,2018,2
physics,2019,4
physics,2020,1
polyfill,2017,1
polyfill,2018,1
pose-estimation,2016,1
pose-estimation,2017,4
pose-estimation,2018,6
pose-estimation,2019,1
pose-estimation,2020,1
python,2016,2
python,2017,2
python,2018,11
python,2019,8
python,2020,7
pytorch,2017,1
pytorch,2020,3
qml,2016,1
qml,2017,1
qml,2018,1
qt,2016,1
qt,2018,1
qt,2019,1
qtcreator,2018,1
qtquick,2018,1
quantum-computing,2019,1
raspberry-pi,2017,1
raspberry-pi,2018,3
react,2017,13
react,2018,12
react,2019,5
react,2020,6
react-native,2017,8
react-native,2018,7
react-native,2019,2
react-native,2020,4
realitykit,2016,1
realitykit,2019,3
realitykit,2020,5
realsense,2016,1
realsense,2018,2
realsense,2020,1
realsense-camera,2016,1
rendering,2017,5
rendering,2018,4
rendering,2019,1
rendering,2020,3
robotics,2016,1
robotics,2017,3
robotics,2018,1
robotics,2020,4
ros,2016,1
ros,2017,1
ros,2019,1
ros,2020,3
sceneform,2017,1
sceneform,2018,4
sceneform,2019,6
sceneform,2020,2
scenegraph,2017,1
scenekit,2017,22
scenekit,2018,14
scenekit,2019,7
scenekit,2020,1
scenekit-arkit,2018,1
sdk,2016,5
sdk,2017,10
sdk,2018,26
sdk,2019,18
sdk,2020,13
sfm,2016,1
sfm,2020,1
shaderlab,2018,1
shaders,2017,2
shaders,2018,1
shaders,2019,4
shape-detection-ml,2017,1
shape-detection-opencv,2017,1
sketchup,2017,1
slam,2016,1
slam,2017,3
slam,2018,5
slam,2019,4
slam,2020,1
snapchat,2018,3
snapchat,2019,1
sparkar,2019,8
sparkar,2020,3
spatial,2018,2
spatial,2019,4
spatial,2020,6
spritekit,2016,1
spritekit,2017,3
spritekit,2018,1
spritekit,2019,1
stardust-sdk,2020,1
steamvr,2017,2
steamvr,2018,3
steamvr,2019,1
steamvr,2020,1
stereokit,2020,2
swift,2016,4
swift,2017,40
swift,2018,28
swift,2019,22
swift,2020,9
systems,2016,3
systems,2017,2
systems,2018,1
systems,2019,4
systems,2020,3
systems-biology,2017,1
systems-engineering,2017,1
tango,2016,2
tango,2017,3
tensorflow,2017,3
tensorflow,2018,2
tensorflow,2020,4
threejs,2016,2
threejs,2017,5
threejs,2018,6
threejs,2019,8
threejs,2020,11
toolkit,2016,3
toolkit,2017,6
toolkit,2018,5
toolkit,2019,9
toolkit,2020,7
toolkit-unity,2018,1
tracking,2016,2
tracking,2017,8
tracking,2018,16
tracking,2019,10
tracking,2020,11
trackingjs,2018,1
truffle-framework,2019,1
typescript,2018,2
typescript,2019,1
uikit,2017,1
unity,2016,21
unity,2017,73
unity,2018,74
unity,2019,71
unity,2020,38
unity-android,2017,1
unity-android,2018,1
unity-editor,2020,2
unity-webxr-exporter,2019,1
unity-webxr-exporter,2020,1
unrealengine,2018,1
unrealengine,2020,1
urhosharp,2017,1
urhosharp,2018,1
usdz,2018,1
usdz,2019,2
usdz,2020,1
vimeo,2018,1
viro,2017,3
viro,2018,3
viro,2019,3
viro,2020,1
viro-react,2018,2
viro-react,2019,2
virtual,2016,13
virtual,2017,43
virtual,2018,36
virtual,2019,31
virtual,2020,16
vive,2016,2
vive,2017,2
vive,2018,7
vive,2019,3
vive,2020,2
vr,2016,9
vr,2017,26
vr,2018,23
vr,2019,15
vr,2020,11
vray,2019,1
vuejs,2018,1
vuejs,2019,1
vuforia,2016,8
vuforia,2017,27
vuforia,2018,24
vuforia,2019,16
vuforia,2020,7
waveengine,2018,1
waveengine,2020,1
waveengine-mrtk,2020,1
wavefront,2018,2
web,2016,6
web,2017,14
web,2018,11
web,2019,7
web,2020,15
webar,2017,11
webar,2018,4
webar,2019,2
webar,2020,7
webarkit,2017,1
webarkit,2020,1
webaronarcore,2017,1
webaronarkit,2017,2
webgl,2017,7
webgl,2018,5
webgl,2019,4
webgl,2020,6
webglstudio,2020,1
webpack,2017,1
webpack,2019,3
webvr,2017,8
webvr,2018,5
webvr,2019,5
webvr,2020,3
webxr,2016,1
webxr,2017,6
webxr,2018,9
webxr,2019,12
webxr,2020,15
webxr-unity,2020,1
wikitude,2016,3
wikitude,2017,4
wikitude,2019,1
windows,2016,2
windows,2017,13
windows,2018,14
windows,2019,6
windows,2020,3
windows-phone,2016,1
xamarin,2017,2
xamarin,2018,2
xamarin,2019,1
xamarin-ios,2017,1
xcode,2017,8
xcode,2018,8
xcode,2019,2
xcode,2020,1
xr,2017,2
xr,2018,2
xr,2019,11
xr,2020,10
xr-space,2018,1
xrtk,2019,3
xrtk,2020,1
yolo,2017,2
yolo,2019,1
yolo,2020,1
zed-camera,2016,1
zed-camera,2018,3